Date, Time, Open, High, Low, Last, Volume, NumberOfTrades, BidVolume, AskVolume
29/10/2025,22:00:00,60.39,60.47,60.36,60.38,113,76,22,91
29/10/2025,22:01:00,60.37,60.37,60.28,60.29,97,85,59,38
29/10/2025,22:02:00,60.28,60.32,60.25,60.32,86,48,46,40
29/10/2025,22:03:00,60.31,60.31,60.31,60.31,1,1,1,0
29/10/2025,22:04:00,60.28,60.28,60.26,60.27,16,14,7,9
29/10/2025,22:05:00,60.28,60.3,60.27,60.29,13,13,6,7
29/10/2025,22:06:00,60.29,60.33,60.29,60.3,26,22,3,18
29/10/2025,22:07:00,60.29,60.29,60.29,60.29,1,1,1,0
29/10/2025,22:08:00,60.29,60.29,60.29,60.29,1,1,1,0
29/10/2025,22:09:00,60.29,60.32,60.29,60.32,16,14,3,13
29/10/2025,22:10:00,60.31,60.31,60.28,60.28,56,28,26,26
29/10/2025,22:11:00,60.28,60.28,60.28,60.28,9,5,9,0
29/10/2025,22:12:00,60.28,60.28,60.27,60.27,12,12,9,3
29/10/2025,22:13:00,60.27,60.3,60.27,60.3,11,11,11,0
29/10/2025,22:15:00,60.3,60.3,60.27,60.29,12,12,9,3
29/10/2025,22:16:00,60.27,60.29,60.27,60.29,7,7,3,4
29/10/2025,22:17:00,60.28,60.3,60.28,60.29,6,6,5,1
29/10/2025,22:18:00,60.3,60.3,60.3,60.3,1,1,0,1
29/10/2025,22:20:00,60.29,60.29,60.29,60.29,19,4,0,5
29/10/2025,22:21:00,60.29,60.29,60.28,60.28,19,14,13,6
29/10/2025,22:22:00,60.28,60.28,60.28,60.28,1,1,1,0
29/10/2025,22:23:00,60.28,60.28,60.28,60.28,1,1,1,0
29/10/2025,22:25:00,60.29,60.3,60.28,60.28,3,3,1,1
29/10/2025,22:26:00,60.29,60.29,60.28,60.28,10,9,10,0
29/10/2025,22:27:00,60.27,60.27,60.27,60.27,2,2,2,0
29/10/2025,22:28:00,60.27,60.28,60.27,60.27,6,6,6,0
29/10/2025,22:29:00,60.27,60.28,60.27,60.28,29,11,2,27
29/10/2025,22:30:00,60.28,60.29,60.27,60.28,7,7,5,2
29/10/2025,22:31:00,60.27,60.28,60.27,60.27,6,6,6,0
29/10/2025,22:32:00,60.26,60.28,60.25,60.25,31,20,29,2
29/10/2025,22:33:00,60.24,60.26,60.24,60.25,7,7,6,1
29/10/2025,22:34:00,60.26,60.26,60.26,60.26,1,1,0,1
29/10/2025,22:35:00,60.25,60.27,60.25,60.26,11,10,11,0
29/10/2025,22:37:00,60.27,60.27,60.27,60.27,1,1,0,1
29/10/2025,22:39:00,60.27,60.27,60.26,60.26,7,7,4,3
29/10/2025,22:40:00,60.26,60.26,60.26,60.26,1,1,0,1
29/10/2025,22:41:00,60.25,60.27,60.24,60.24,64,45,39,25
29/10/2025,22:42:00,60.24,60.24,60.23,60.23,19,14,8,11
29/10/2025,22:43:00,60.24,60.24,60.24,60.24,2,2,2,0
29/10/2025,22:45:00,60.25,60.25,60.24,60.24,16,13,7,9
29/10/2025,22:46:00,60.24,60.24,60.23,60.23,18,10,18,0
29/10/2025,22:47:00,60.22,60.23,60.22,60.22,12,10,7,5
29/10/2025,22:48:00,60.22,60.22,60.22,60.22,4,4,3,1
29/10/2025,22:49:00,60.22,60.22,60.19,60.19,27,21,26,1
29/10/2025,22:50:00,60.19,60.2,60.17,60.18,34,27,30,4
29/10/2025,22:51:00,60.18,60.24,60.18,60.21,48,36,10,34
29/10/2025,22:52:00,60.21,60.22,60.2,60.2,9,9,8,1
29/10/2025,22:53:00,60.19,60.2,60.19,60.2,4,4,1,3
29/10/2025,22:54:00,60.2,60.21,60.2,60.21,4,4,1,3
29/10/2025,22:55:00,60.21,60.21,60.19,60.19,16,11,16,0
29/10/2025,22:56:00,60.19,60.21,60.19,60.2,49,32,17,32
29/10/2025,22:57:00,60.19,60.2,60.19,60.2,3,3,3,0
29/10/2025,22:58:00,60.19,60.2,60.18,60.18,12,12,9,3
29/10/2025,23:00:00,60.18,60.21,60.18,60.21,16,15,4,11
29/10/2025,23:01:00,60.22,60.22,60.22,60.22,1,1,0,1
29/10/2025,23:03:00,60.22,60.22,60.2,60.2,43,29,35,8
29/10/2025,23:04:00,60.2,60.2,60.2,60.2,6,5,1,5
29/10/2025,23:06:00,60.2,60.2,60.18,60.2,27,16,18,9
29/10/2025,23:07:00,60.18,60.18,60.18,60.18,5,5,5,0
29/10/2025,23:08:00,60.19,60.19,60.19,60.19,4,4,2,0
29/10/2025,23:09:00,60.18,60.18,60.13,60.14,97,71,77,20
29/10/2025,23:10:00,60.14,60.17,60.13,60.17,47,40,4,43
29/10/2025,23:11:00,60.17,60.17,60.14,60.15,10,10,10,0
29/10/2025,23:12:00,60.16,60.16,60.14,60.16,14,13,8,6
29/10/2025,23:13:00,60.16,60.16,60.14,60.14,9,7,9,0
29/10/2025,23:14:00,60.14,60.14,60.14,60.14,8,6,6,2
29/10/2025,23:15:00,60.14,60.15,60.13,60.15,15,14,9,6
29/10/2025,23:16:00,60.14,60.16,60.13,60.15,46,40,28,18
29/10/2025,23:17:00,60.17,60.18,60.15,60.16,19,13,11,8
29/10/2025,23:18:00,60.17,60.18,60.17,60.18,13,12,8,5
29/10/2025,23:19:00,60.18,60.18,60.18,60.18,19,12,15,4
29/10/2025,23:20:00,60.19,60.2,60.19,60.19,39,30,1,37
29/10/2025,23:22:00,60.19,60.19,60.18,60.18,11,7,10,1
29/10/2025,23:23:00,60.18,60.19,60.18,60.19,10,8,7,3
29/10/2025,23:24:00,60.18,60.18,60.18,60.18,3,3,3,0
29/10/2025,23:25:00,60.17,60.19,60.17,60.18,9,9,5,4
29/10/2025,23:26:00,60.19,60.2,60.19,60.2,15,10,0,15
29/10/2025,23:27:00,60.2,60.2,60.18,60.18,13,10,5,8
29/10/2025,23:28:00,60.17,60.17,60.17,60.17,6,6,6,0
29/10/2025,23:29:00,60.17,60.17,60.17,60.17,2,2,0,2
29/10/2025,23:30:00,60.17,60.18,60.17,60.18,7,7,4,3
29/10/2025,23:31:00,60.18,60.18,60.17,60.18,6,6,3,3
29/10/2025,23:32:00,60.18,60.18,60.17,60.17,2,2,1,1
29/10/2025,23:33:00,60.16,60.17,60.16,60.17,9,8,7,2
29/10/2025,23:34:00,60.17,60.17,60.17,60.17,1,1,0,1
29/10/2025,23:35:00,60.17,60.17,60.15,60.15,15,14,13,2
29/10/2025,23:36:00,60.15,60.15,60.15,60.15,3,3,0,3
29/10/2025,23:37:00,60.14,60.15,60.14,60.15,10,9,9,1
29/10/2025,23:38:00,60.15,60.16,60.15,60.16,2,2,1,1
29/10/2025,23:39:00,60.15,60.15,60.13,60.14,8,8,8,0
29/10/2025,23:40:00,60.15,60.15,60.15,60.15,5,3,0,5
29/10/2025,23:41:00,60.15,60.16,60.15,60.16,10,9,5,5
29/10/2025,23:42:00,60.16,60.17,60.16,60.17,5,5,4,1
29/10/2025,23:44:00,60.17,60.17,60.16,60.16,4,4,3,1
29/10/2025,23:45:00,60.17,60.18,60.17,60.17,8,8,5,3
29/10/2025,23:46:00,60.17,60.17,60.16,60.16,7,7,7,0
29/10/2025,23:47:00,60.17,60.17,60.16,60.16,9,9,6,3
29/10/2025,23:48:00,60.16,60.16,60.16,60.16,3,3,0,3
29/10/2025,23:49:00,60.16,60.18,60.16,60.17,17,16,5,12
29/10/2025,23:50:00,60.17,60.18,60.16,60.16,5,5,4,1
29/10/2025,23:51:00,60.17,60.2,60.17,60.2,31,22,13,18
29/10/2025,23:52:00,60.2,60.2,60.19,60.19,39,31,13,25
29/10/2025,23:53:00,60.19,60.19,60.19,60.19,12,10,12,0
29/10/2025,23:54:00,60.19,60.19,60.18,60.18,8,7,8,0
29/10/2025,23:55:00,60.19,60.19,60.18,60.19,18,14,11,7
29/10/2025,23:56:00,60.19,60.2,60.19,60.19,6,6,3,3
29/10/2025,23:57:00,60.19,60.19,60.19,60.19,1,1,1,0
29/10/2025,23:58:00,60.19,60.2,60.17,60.2,29,24,12,17
29/10/2025,23:59:00,60.21,60.24,60.21,60.23,41,35,8,33
30/10/2025,00:00:00,60.24,60.27,60.23,60.26,176,155,94,81
30/10/2025,00:01:00,60.27,60.35,60.27,60.34,160,150,50,105
30/10/2025,00:02:00,60.35,60.4,60.33,60.39,103,97,43,60
30/10/2025,00:03:00,60.39,60.39,60.35,60.36,41,40,26,15
30/10/2025,00:04:00,60.37,60.42,60.37,60.41,61,56,21,40
30/10/2025,00:05:00,60.42,60.43,60.4,60.42,36,34,20,16
30/10/2025,00:06:00,60.41,60.41,60.37,60.38,16,16,15,1
30/10/2025,00:07:00,60.39,60.39,60.36,60.37,19,19,13,6
30/10/2025,00:08:00,60.38,60.38,60.37,60.37,7,7,4,3
30/10/2025,00:09:00,60.38,60.38,60.37,60.37,3,3,1,2
30/10/2025,00:10:00,60.36,60.36,60.36,60.36,4,4,2,2
30/10/2025,00:11:00,60.35,60.36,60.34,60.34,7,7,7,0
30/10/2025,00:12:00,60.35,60.35,60.32,60.32,16,16,15,1
30/10/2025,00:13:00,60.31,60.31,60.3,60.3,18,18,8,10
30/10/2025,00:14:00,60.3,60.3,60.3,60.3,12,9,6,6
30/10/2025,00:15:00,60.29,60.3,60.29,60.29,15,15,7,8
30/10/2025,00:16:00,60.3,60.31,60.29,60.3,20,19,16,4
30/10/2025,00:17:00,60.3,60.3,60.29,60.29,7,7,5,2
30/10/2025,00:19:00,60.29,60.3,60.27,60.28,17,16,10,7
30/10/2025,00:20:00,60.28,60.28,60.25,60.25,25,25,20,5
30/10/2025,00:21:00,60.26,60.29,60.26,60.28,18,18,5,13
30/10/2025,00:22:00,60.29,60.31,60.29,60.31,17,16,9,6
30/10/2025,00:23:00,60.31,60.32,60.3,60.31,17,17,3,14
30/10/2025,00:24:00,60.31,60.34,60.31,60.32,51,49,27,23
30/10/2025,00:25:00,60.33,60.37,60.33,60.36,62,61,39,20
30/10/2025,00:26:00,60.36,60.36,60.32,60.32,41,39,31,9
30/10/2025,00:27:00,60.32,60.36,60.32,60.36,36,33,13,20
30/10/2025,00:28:00,60.37,60.37,60.35,60.36,14,13,9,5
30/10/2025,00:29:00,60.36,60.39,60.36,60.37,63,50,37,26
30/10/2025,00:30:00,60.37,60.38,60.37,60.37,116,26,20,96
30/10/2025,00:31:00,60.37,60.37,60.37,60.37,31,30,20,9
30/10/2025,00:32:00,60.37,60.37,60.36,60.36,11,10,7,4
30/10/2025,00:33:00,60.37,60.37,60.37,60.37,8,7,3,5
30/10/2025,00:34:00,60.37,60.38,60.37,60.38,7,7,1,6
30/10/2025,00:35:00,60.37,60.37,60.37,60.37,2,2,1,1
30/10/2025,00:36:00,60.36,60.37,60.33,60.34,41,38,25,16
30/10/2025,00:37:00,60.34,60.35,60.33,60.33,27,27,20,7
30/10/2025,00:38:00,60.34,60.37,60.34,60.37,21,21,6,15
30/10/2025,00:39:00,60.38,60.38,60.37,60.37,11,10,6,5
30/10/2025,00:40:00,60.37,60.37,60.37,60.37,6,6,2,4
30/10/2025,00:41:00,60.36,60.37,60.36,60.37,13,13,4,9
30/10/2025,00:43:00,60.37,60.39,60.37,60.38,21,19,6,14
30/10/2025,00:44:00,60.37,60.37,60.37,60.37,4,4,3,1
30/10/2025,00:45:00,60.36,60.36,60.34,60.35,20,19,18,2
30/10/2025,00:46:00,60.34,60.34,60.33,60.33,5,5,3,2
30/10/2025,00:47:00,60.34,60.34,60.34,60.34,4,4,4,0
30/10/2025,00:48:00,60.34,60.36,60.34,60.36,14,12,5,9
30/10/2025,00:49:00,60.36,60.36,60.36,60.36,1,1,1,0
30/10/2025,00:50:00,60.35,60.36,60.35,60.35,7,7,5,2
30/10/2025,00:51:00,60.35,60.35,60.34,60.34,9,9,7,2
30/10/2025,00:52:00,60.35,60.35,60.35,60.35,1,1,0,1
30/10/2025,00:53:00,60.35,60.35,60.35,60.35,1,1,0,1
30/10/2025,00:54:00,60.35,60.36,60.35,60.36,23,20,5,18
30/10/2025,00:55:00,60.37,60.38,60.37,60.37,23,19,7,16
30/10/2025,00:56:00,60.37,60.37,60.35,60.35,28,28,23,5
30/10/2025,00:57:00,60.35,60.36,60.35,60.36,2,2,0,1
30/10/2025,00:58:00,60.36,60.4,60.36,60.4,64,58,19,45
30/10/2025,00:59:00,60.41,60.41,60.38,60.39,63,60,37,26
30/10/2025,01:00:00,60.38,60.4,60.35,60.36,62,60,43,19
30/10/2025,01:01:00,60.36,60.39,60.36,60.39,62,45,39,23
30/10/2025,01:02:00,60.39,60.39,60.33,60.35,208,102,154,54
30/10/2025,01:03:00,60.35,60.37,60.35,60.37,29,25,7,22
30/10/2025,01:04:00,60.36,60.41,60.32,60.33,176,121,52,120
30/10/2025,01:05:00,60.33,60.38,60.33,60.38,47,45,12,33
30/10/2025,01:06:00,60.38,60.39,60.36,60.36,38,38,21,17
30/10/2025,01:07:00,60.37,60.41,60.34,60.34,52,46,21,31
30/10/2025,01:08:00,60.35,60.35,60.34,60.34,11,11,5,6
30/10/2025,01:09:00,60.35,60.35,60.33,60.34,13,13,9,4
30/10/2025,01:10:00,60.34,60.35,60.34,60.34,15,15,6,9
30/10/2025,01:11:00,60.35,60.35,60.32,60.32,27,27,15,12
30/10/2025,01:12:00,60.31,60.31,60.27,60.28,45,43,34,11
30/10/2025,01:13:00,60.27,60.3,60.27,60.29,30,29,17,13
30/10/2025,01:14:00,60.29,60.3,60.29,60.3,13,13,9,4
30/10/2025,01:15:00,60.31,60.33,60.29,60.31,193,86,148,45
30/10/2025,01:16:00,60.31,60.31,60.29,60.29,33,32,27,6
30/10/2025,01:17:00,60.3,60.3,60.28,60.29,20,20,11,9
30/10/2025,01:18:00,60.29,60.31,60.29,60.3,21,19,7,14
30/10/2025,01:19:00,60.31,60.33,60.31,60.32,21,20,5,16
30/10/2025,01:20:00,60.31,60.31,60.3,60.3,7,7,6,1
30/10/2025,01:21:00,60.3,60.3,60.28,60.28,8,7,6,2
30/10/2025,01:22:00,60.28,60.29,60.28,60.29,7,7,3,4
30/10/2025,01:23:00,60.29,60.31,60.29,60.31,9,9,4,5
30/10/2025,01:24:00,60.31,60.31,60.3,60.3,5,5,3,2
30/10/2025,01:25:00,60.31,60.31,60.31,60.31,6,6,4,2
30/10/2025,01:26:00,60.3,60.3,60.29,60.3,9,9,4,5
30/10/2025,01:27:00,60.3,60.3,60.28,60.29,13,13,1,12
30/10/2025,01:28:00,60.29,60.29,60.26,60.27,31,30,19,12
30/10/2025,01:29:00,60.26,60.29,60.26,60.27,24,24,15,9
30/10/2025,01:30:00,60.27,60.29,60.25,60.28,32,32,20,12
30/10/2025,01:31:00,60.28,60.28,60.23,60.23,45,43,23,22
30/10/2025,01:32:00,60.22,60.24,60.22,60.23,48,47,26,22
30/10/2025,01:33:00,60.23,60.28,60.23,60.27,61,54,13,47
30/10/2025,01:34:00,60.28,60.29,60.28,60.29,11,11,6,5
30/10/2025,01:35:00,60.29,60.34,60.29,60.33,76,63,12,64
30/10/2025,01:36:00,60.34,60.37,60.34,60.36,39,38,11,27
30/10/2025,01:37:00,60.35,60.35,60.31,60.33,50,44,32,18
30/10/2025,01:38:00,60.32,60.32,60.31,60.32,9,9,6,3
30/10/2025,01:39:00,60.32,60.32,60.32,60.32,6,6,1,5
30/10/2025,01:40:00,60.31,60.31,60.27,60.27,20,20,19,1
30/10/2025,01:41:00,60.27,60.29,60.26,60.28,38,36,16,22
30/10/2025,01:42:00,60.29,60.33,60.29,60.32,64,58,11,51
30/10/2025,01:43:00,60.32,60.32,60.29,60.31,14,14,8,6
30/10/2025,01:44:00,60.31,60.31,60.29,60.29,13,13,9,4
30/10/2025,01:45:00,60.29,60.29,60.28,60.29,11,11,6,5
30/10/2025,01:46:00,60.3,60.3,60.27,60.27,9,9,7,2
30/10/2025,01:47:00,60.28,60.28,60.27,60.28,5,5,2,3
30/10/2025,01:48:00,60.28,60.28,60.24,60.24,53,52,35,18
30/10/2025,01:49:00,60.24,60.24,60.21,60.23,60,51,43,16
30/10/2025,01:50:00,60.22,60.24,60.22,60.24,20,18,3,17
30/10/2025,01:51:00,60.24,60.24,60.22,60.22,21,19,8,13
30/10/2025,01:52:00,60.21,60.24,60.21,60.24,19,18,6,13
30/10/2025,01:53:00,60.23,60.26,60.23,60.24,107,57,73,34
30/10/2025,01:54:00,60.25,60.25,60.25,60.25,62,38,16,45
30/10/2025,01:55:00,60.24,60.28,60.23,60.27,89,87,41,48
30/10/2025,01:56:00,60.27,60.28,60.26,60.28,20,20,12,8
30/10/2025,01:57:00,60.27,60.28,60.27,60.28,5,5,3,2
30/10/2025,01:58:00,60.27,60.28,60.27,60.28,7,7,5,2
30/10/2025,01:59:00,60.27,60.28,60.27,60.27,11,11,7,4
30/10/2025,02:00:00,60.27,60.28,60.26,60.27,31,28,21,10
30/10/2025,02:01:00,60.26,60.27,60.26,60.27,6,6,2,4
30/10/2025,02:02:00,60.26,60.27,60.26,60.26,14,14,3,11
30/10/2025,02:03:00,60.26,60.26,60.24,60.24,5,5,4,1
30/10/2025,02:04:00,60.25,60.26,60.22,60.22,59,57,39,20
30/10/2025,02:05:00,60.21,60.22,60.2,60.22,12,10,6,6
30/10/2025,02:06:00,60.22,60.22,60.2,60.22,23,21,10,13
30/10/2025,02:07:00,60.22,60.23,60.22,60.22,21,18,8,13
30/10/2025,02:08:00,60.21,60.22,60.2,60.2,53,44,28,25
30/10/2025,02:09:00,60.2,60.2,60.17,60.19,116,95,67,49
30/10/2025,02:10:00,60.18,60.18,60.15,60.15,97,89,69,28
30/10/2025,02:11:00,60.15,60.16,60.15,60.16,132,87,76,56
30/10/2025,02:12:00,60.16,60.19,60.16,60.18,54,45,7,47
30/10/2025,02:13:00,60.18,60.2,60.18,60.18,18,14,3,15
30/10/2025,02:14:00,60.19,60.2,60.18,60.19,29,25,19,10
30/10/2025,02:15:00,60.18,60.2,60.18,60.2,24,17,9,15
30/10/2025,02:16:00,60.19,60.2,60.16,60.16,33,32,23,10
30/10/2025,02:17:00,60.17,60.18,60.16,60.18,43,42,18,25
30/10/2025,02:18:00,60.18,60.18,60.16,60.17,44,34,21,23
30/10/2025,02:19:00,60.16,60.17,60.12,60.12,178,120,116,60
30/10/2025,02:20:00,60.12,60.12,60.07,60.08,243,197,121,118
30/10/2025,02:21:00,60.09,60.1,60.07,60.09,119,87,67,52
30/10/2025,02:22:00,60.08,60.1,60.07,60.09,101,74,44,57
30/10/2025,02:23:00,60.09,60.1,60.08,60.08,64,53,35,29
30/10/2025,02:24:00,60.08,60.11,60.08,60.11,48,41,5,43
30/10/2025,02:25:00,60.11,60.11,60.1,60.11,44,28,18,26
30/10/2025,02:26:00,60.11,60.13,60.11,60.13,14,14,9,5
30/10/2025,02:27:00,60.13,60.14,60.1,60.1,75,54,38,35
30/10/2025,02:28:00,60.11,60.12,60.1,60.12,37,31,19,18
30/10/2025,02:29:00,60.12,60.12,60.1,60.1,26,25,18,8
30/10/2025,02:30:00,60.1,60.15,60.1,60.15,129,96,27,98
30/10/2025,02:31:00,60.15,60.17,60.14,60.15,106,73,48,58
30/10/2025,02:32:00,60.16,60.18,60.16,60.17,83,57,9,59
30/10/2025,02:33:00,60.17,60.18,60.17,60.18,27,21,2,25
30/10/2025,02:34:00,60.18,60.19,60.18,60.18,14,14,6,8
30/10/2025,02:35:00,60.18,60.18,60.14,60.16,72,52,39,21
30/10/2025,02:36:00,60.17,60.17,60.08,60.09,426,230,165,257
30/10/2025,02:37:00,60.09,60.13,60.09,60.13,44,37,16,28
30/10/2025,02:38:00,60.13,60.13,60.12,60.12,10,10,6,4
30/10/2025,02:39:00,60.12,60.14,60.12,60.14,18,18,12,6
30/10/2025,02:40:00,60.14,60.15,60.13,60.14,29,27,16,13
30/10/2025,02:41:00,60.14,60.14,60.13,60.14,15,14,2,13
30/10/2025,02:42:00,60.14,60.15,60.14,60.15,49,18,45,4
30/10/2025,02:43:00,60.16,60.16,60.14,60.15,82,49,52,30
30/10/2025,02:44:00,60.15,60.16,60.1,60.11,73,64,45,28
30/10/2025,02:45:00,60.13,60.13,60.12,60.12,6,6,3,3
30/10/2025,02:46:00,60.12,60.13,60.12,60.13,24,24,10,14
30/10/2025,02:47:00,60.13,60.13,60.12,60.12,3,3,0,2
30/10/2025,02:48:00,60.13,60.14,60.12,60.12,14,14,2,12
30/10/2025,02:49:00,60.12,60.12,60.1,60.11,32,20,23,9
30/10/2025,02:50:00,60.11,60.14,60.11,60.14,18,18,6,11
30/10/2025,02:51:00,60.13,60.13,60.13,60.13,2,2,1,1
30/10/2025,02:52:00,60.12,60.13,60.11,60.12,38,32,12,26
30/10/2025,02:53:00,60.11,60.11,60.1,60.1,2,2,1,1
30/10/2025,02:54:00,60.1,60.11,60.1,60.11,9,9,5,4
30/10/2025,02:55:00,60.11,60.11,60.11,60.11,5,5,2,3
30/10/2025,02:56:00,60.11,60.12,60.1,60.12,9,8,8,1
30/10/2025,02:57:00,60.11,60.11,60.09,60.11,25,16,18,6
30/10/2025,02:58:00,60.11,60.11,60.1,60.1,11,10,4,7
30/10/2025,02:59:00,60.09,60.1,60.08,60.09,15,15,7,8
30/10/2025,03:00:00,60.1,60.13,60.09,60.13,18,18,3,15
30/10/2025,03:01:00,60.13,60.14,60.12,60.13,21,21,10,11
30/10/2025,03:02:00,60.13,60.14,60.12,60.13,13,13,4,9
30/10/2025,03:03:00,60.13,60.15,60.13,60.15,14,14,5,9
30/10/2025,03:04:00,60.15,60.15,60.15,60.15,23,21,4,19
30/10/2025,03:05:00,60.15,60.15,60.12,60.12,26,24,24,2
30/10/2025,03:06:00,60.13,60.13,60.12,60.12,13,12,7,6
30/10/2025,03:07:00,60.12,60.13,60.12,60.13,11,11,6,5
30/10/2025,03:08:00,60.13,60.13,60.13,60.13,4,4,1,3
30/10/2025,03:09:00,60.13,60.15,60.13,60.15,6,6,3,3
30/10/2025,03:10:00,60.14,60.15,60.13,60.13,6,6,3,1
30/10/2025,03:11:00,60.14,60.16,60.14,60.16,19,19,4,15
30/10/2025,03:12:00,60.17,60.17,60.15,60.16,29,29,16,13
30/10/2025,03:13:00,60.16,60.16,60.15,60.15,17,17,5,12
30/10/2025,03:14:00,60.16,60.17,60.16,60.16,84,21,10,74
30/10/2025,03:15:00,60.16,60.18,60.16,60.18,37,35,13,24
30/10/2025,03:16:00,60.17,60.18,60.17,60.17,16,14,7,9
30/10/2025,03:17:00,60.17,60.19,60.17,60.18,50,48,11,39
30/10/2025,03:18:00,60.18,60.2,60.18,60.2,16,16,8,8
30/10/2025,03:19:00,60.2,60.23,60.19,60.23,72,70,25,47
30/10/2025,03:20:00,60.24,60.25,60.22,60.22,45,44,12,33
30/10/2025,03:21:00,60.22,60.23,60.21,60.22,9,9,4,5
30/10/2025,03:22:00,60.21,60.21,60.16,60.17,39,39,28,11
30/10/2025,03:23:00,60.16,60.17,60.16,60.16,17,17,11,6
30/10/2025,03:24:00,60.17,60.17,60.16,60.17,9,9,3,6
30/10/2025,03:25:00,60.17,60.18,60.17,60.17,8,8,4,4
30/10/2025,03:26:00,60.18,60.18,60.17,60.17,16,7,16,0
30/10/2025,03:27:00,60.18,60.18,60.17,60.18,12,11,4,8
30/10/2025,03:28:00,60.18,60.18,60.17,60.18,9,9,4,5
30/10/2025,03:29:00,60.18,60.18,60.17,60.17,10,10,3,7
30/10/2025,03:30:00,60.17,60.21,60.17,60.19,77,75,32,45
30/10/2025,03:31:00,60.19,60.21,60.19,60.21,22,22,10,11
30/10/2025,03:32:00,60.21,60.24,60.2,60.24,48,46,13,35
30/10/2025,03:33:00,60.23,60.25,60.23,60.25,76,69,27,45
30/10/2025,03:34:00,60.25,60.28,60.23,60.26,74,73,13,61
30/10/2025,03:35:00,60.27,60.28,60.26,60.27,77,72,40,37
30/10/2025,03:36:00,60.28,60.32,60.27,60.32,123,109,36,80
30/10/2025,03:37:00,60.31,60.32,60.29,60.29,54,41,35,19
30/10/2025,03:38:00,60.29,60.3,60.29,60.3,27,27,10,17
30/10/2025,03:39:00,60.31,60.35,60.31,60.34,87,82,39,48
30/10/2025,03:40:00,60.34,60.34,60.32,60.33,27,27,16,11
30/10/2025,03:41:00,60.33,60.33,60.32,60.33,4,4,1,3
30/10/2025,03:42:00,60.32,60.32,60.31,60.32,18,18,9,9
30/10/2025,03:43:00,60.32,60.34,60.31,60.31,16,16,6,10
30/10/2025,03:44:00,60.32,60.33,60.32,60.32,12,12,1,10
30/10/2025,03:45:00,60.33,60.35,60.33,60.34,42,40,15,27
30/10/2025,03:46:00,60.33,60.36,60.32,60.36,24,24,8,16
30/10/2025,03:47:00,60.35,60.37,60.35,60.37,16,16,7,9
30/10/2025,03:48:00,60.36,60.36,60.35,60.36,13,13,11,2
30/10/2025,03:49:00,60.36,60.36,60.36,60.36,5,5,3,2
30/10/2025,03:50:00,60.35,60.35,60.33,60.34,49,40,21,28
30/10/2025,03:51:00,60.33,60.33,60.32,60.32,18,18,14,4
30/10/2025,03:52:00,60.32,60.34,60.32,60.34,15,14,6,9
30/10/2025,03:53:00,60.33,60.33,60.32,60.32,31,30,19,12
30/10/2025,03:54:00,60.31,60.32,60.31,60.32,166,52,13,152
30/10/2025,03:55:00,60.31,60.32,60.3,60.32,19,19,7,12
30/10/2025,03:56:00,60.32,60.32,60.31,60.31,5,5,5,0
30/10/2025,03:57:00,60.32,60.36,60.32,60.35,77,71,27,50
30/10/2025,03:58:00,60.35,60.38,60.35,60.38,198,80,39,159
30/10/2025,03:59:00,60.39,60.39,60.37,60.38,25,25,16,9
30/10/2025,04:00:00,60.37,60.38,60.37,60.38,24,24,11,13
30/10/2025,04:01:00,60.38,60.39,60.37,60.37,32,32,17,15
30/10/2025,04:02:00,60.38,60.4,60.38,60.39,42,36,8,34
30/10/2025,04:03:00,60.4,60.4,60.37,60.38,42,38,30,12
30/10/2025,04:04:00,60.38,60.39,60.37,60.37,10,9,6,4
30/10/2025,04:05:00,60.37,60.4,60.36,60.4,104,100,48,56
30/10/2025,04:06:00,60.41,60.43,60.4,60.4,81,73,31,50
30/10/2025,04:07:00,60.39,60.4,60.34,60.35,40,36,35,5
30/10/2025,04:08:00,60.35,60.37,60.35,60.37,85,61,61,24
30/10/2025,04:09:00,60.36,60.37,60.35,60.35,58,58,6,52
30/10/2025,04:10:00,60.35,60.35,60.22,60.22,258,146,214,41
30/10/2025,04:11:00,60.23,60.25,60.2,60.24,44,42,21,23
30/10/2025,04:12:00,60.25,60.28,60.25,60.28,13,11,5,8
30/10/2025,04:13:00,60.27,60.27,60.26,60.26,9,9,4,5
30/10/2025,04:14:00,60.24,60.26,60.22,60.22,73,69,45,28
30/10/2025,04:15:00,60.22,60.22,60.21,60.22,17,17,9,8
30/10/2025,04:16:00,60.22,60.25,60.21,60.24,40,38,25,15
30/10/2025,04:17:00,60.23,60.25,60.23,60.25,159,49,19,139
30/10/2025,04:18:00,60.26,60.27,60.25,60.25,39,37,16,23
30/10/2025,04:19:00,60.25,60.26,60.25,60.26,22,19,6,16
30/10/2025,04:20:00,60.25,60.25,60.23,60.23,13,12,10,3
30/10/2025,04:21:00,60.23,60.24,60.23,60.24,6,5,1,5
30/10/2025,04:22:00,60.23,60.23,60.22,60.23,146,33,135,11
30/10/2025,04:23:00,60.22,60.23,60.17,60.18,56,53,36,20
30/10/2025,04:24:00,60.18,60.18,60.14,60.15,68,63,41,27
30/10/2025,04:25:00,60.15,60.17,60.14,60.14,49,47,22,27
30/10/2025,04:26:00,60.15,60.18,60.14,60.18,24,22,10,14
30/10/2025,04:27:00,60.19,60.19,60.17,60.19,102,54,22,79
30/10/2025,04:28:00,60.2,60.21,60.18,60.18,19,18,8,11
30/10/2025,04:29:00,60.17,60.18,60.17,60.18,19,15,3,16
30/10/2025,04:30:00,60.18,60.2,60.17,60.2,28,28,13,15
30/10/2025,04:31:00,60.2,60.23,60.2,60.23,37,34,14,23
30/10/2025,04:32:00,60.23,60.24,60.22,60.22,25,18,13,12
30/10/2025,04:33:00,60.21,60.23,60.21,60.22,27,26,14,13
30/10/2025,04:34:00,60.23,60.23,60.22,60.22,5,5,4,1
30/10/2025,04:35:00,60.22,60.35,60.22,60.32,264,246,82,180
30/10/2025,04:36:00,60.33,60.37,60.32,60.37,78,62,25,53
30/10/2025,04:37:00,60.37,60.39,60.34,60.37,68,57,26,42
30/10/2025,04:38:00,60.37,60.4,60.34,60.34,23,19,13,10
30/10/2025,04:39:00,60.34,60.36,60.31,60.32,53,50,25,28
30/10/2025,04:40:00,60.32,60.33,60.31,60.32,23,22,7,16
30/10/2025,04:41:00,60.3,60.3,60.27,60.29,33,33,20,13
30/10/2025,04:42:00,60.28,60.34,60.26,60.32,123,96,41,82
30/10/2025,04:43:00,60.32,60.32,60.18,60.22,495,431,250,233
30/10/2025,04:44:00,60.21,60.21,59.96,60.03,966,573,714,244
30/10/2025,04:45:00,60.02,60.19,60,60.16,407,320,76,331
30/10/2025,04:46:00,60.16,60.18,60.15,60.15,67,59,32,35
30/10/2025,04:47:00,60.15,60.2,60.15,60.18,49,48,19,30
30/10/2025,04:48:00,60.18,60.18,60.15,60.16,38,25,24,14
30/10/2025,04:49:00,60.17,60.17,60.12,60.14,18,18,9,9
30/10/2025,04:50:00,60.14,60.14,60.09,60.14,57,53,32,24
30/10/2025,04:51:00,60.14,60.17,60.13,60.17,15,15,3,12
30/10/2025,04:52:00,60.17,60.18,60.14,60.15,46,44,22,24
30/10/2025,04:53:00,60.14,60.22,60.14,60.22,80,67,8,72
30/10/2025,04:54:00,60.22,60.22,60.21,60.21,20,19,5,15
30/10/2025,04:55:00,60.22,60.22,60.16,60.17,78,43,34,44
30/10/2025,04:56:00,60.17,60.17,60.16,60.17,18,18,7,11
30/10/2025,04:57:00,60.17,60.18,60.17,60.18,9,9,3,6
30/10/2025,04:58:00,60.18,60.18,60.16,60.16,12,12,7,5
30/10/2025,04:59:00,60.15,60.18,60.15,60.17,20,19,9,11
30/10/2025,05:00:00,60.16,60.17,60.15,60.16,21,18,13,8
30/10/2025,05:01:00,60.16,60.18,60.16,60.16,10,10,4,6
30/10/2025,05:02:00,60.16,60.16,60.15,60.16,12,12,2,10
30/10/2025,05:03:00,60.17,60.17,60.12,60.12,45,44,27,18
30/10/2025,05:04:00,60.13,60.13,60.1,60.13,24,23,10,14
30/10/2025,05:05:00,60.14,60.14,60.11,60.13,21,20,14,7
30/10/2025,05:06:00,60.13,60.19,60.13,60.19,45,39,10,35
30/10/2025,05:07:00,60.19,60.2,60.19,60.2,26,23,9,17
30/10/2025,05:08:00,60.2,60.24,60.2,60.24,29,28,7,22
30/10/2025,05:09:00,60.24,60.25,60.23,60.24,29,26,11,18
30/10/2025,05:10:00,60.23,60.23,60.18,60.19,28,27,23,5
30/10/2025,05:11:00,60.18,60.19,60.16,60.17,71,57,50,21
30/10/2025,05:12:00,60.17,60.17,60.15,60.15,13,13,8,5
30/10/2025,05:13:00,60.15,60.16,60.15,60.16,23,22,7,16
30/10/2025,05:14:00,60.15,60.18,60.15,60.17,13,12,8,5
30/10/2025,05:15:00,60.16,60.16,60.14,60.15,9,9,8,1
30/10/2025,05:16:00,60.15,60.16,60.15,60.15,10,9,2,8
30/10/2025,05:17:00,60.15,60.16,60.14,60.14,10,10,9,1
30/10/2025,05:18:00,60.14,60.16,60.14,60.16,12,12,5,7
30/10/2025,05:19:00,60.16,60.17,60.16,60.17,10,10,9,1
30/10/2025,05:20:00,60.17,60.17,60.17,60.17,4,4,2,2
30/10/2025,05:21:00,60.17,60.17,60.17,60.17,6,6,0,6
30/10/2025,05:22:00,60.17,60.18,60.17,60.18,14,12,9,5
30/10/2025,05:23:00,60.18,60.19,60.18,60.18,30,24,3,27
30/10/2025,05:24:00,60.18,60.2,60.18,60.19,28,26,3,25
30/10/2025,05:25:00,60.2,60.22,60.2,60.21,34,29,5,29
30/10/2025,05:26:00,60.22,60.23,60.22,60.22,35,33,14,21
30/10/2025,05:27:00,60.23,60.25,60.22,60.23,53,51,10,43
30/10/2025,05:28:00,60.23,60.25,60.23,60.24,37,30,9,28
30/10/2025,05:29:00,60.25,60.25,60.23,60.24,11,11,10,1
30/10/2025,05:30:00,60.24,60.25,60.18,60.18,114,112,49,65
30/10/2025,05:31:00,60.17,60.18,60.15,60.17,95,84,43,52
30/10/2025,05:32:00,60.17,60.17,60.14,60.16,58,51,16,42
30/10/2025,05:33:00,60.17,60.19,60.17,60.18,48,45,15,33
30/10/2025,05:34:00,60.18,60.2,60.17,60.19,45,34,13,32
30/10/2025,05:35:00,60.2,60.24,60.2,60.23,40,37,7,33
30/10/2025,05:36:00,60.23,60.25,60.23,60.23,59,58,23,36
30/10/2025,05:37:00,60.23,60.24,60.23,60.24,13,13,6,7
30/10/2025,05:38:00,60.23,60.24,60.21,60.24,42,35,10,32
30/10/2025,05:39:00,60.25,60.27,60.25,60.25,67,49,19,48
30/10/2025,05:40:00,60.25,60.27,60.25,60.26,41,36,11,30
30/10/2025,05:41:00,60.26,60.26,60.22,60.22,11,11,3,8
30/10/2025,05:42:00,60.22,60.22,60.19,60.19,23,22,14,9
30/10/2025,05:43:00,60.19,60.19,60.15,60.16,45,37,31,14
30/10/2025,05:44:00,60.15,60.16,60.11,60.13,72,55,56,16
30/10/2025,05:45:00,60.13,60.13,60.12,60.12,11,9,7,4
30/10/2025,05:46:00,60.13,60.15,60.13,60.14,19,18,7,12
30/10/2025,05:47:00,60.14,60.15,60.12,60.14,156,66,90,66
30/10/2025,05:48:00,60.13,60.13,60.12,60.13,15,15,5,10
30/10/2025,05:49:00,60.14,60.14,60.13,60.13,12,12,5,7
30/10/2025,05:50:00,60.13,60.13,60.09,60.12,27,25,12,15
30/10/2025,05:51:00,60.11,60.13,60.11,60.13,15,14,8,7
30/10/2025,05:52:00,60.13,60.14,60.13,60.14,12,12,2,10
30/10/2025,05:53:00,60.14,60.17,60.14,60.15,45,41,20,25
30/10/2025,05:54:00,60.15,60.15,60.14,60.14,21,19,7,14
30/10/2025,05:55:00,60.14,60.15,60.14,60.15,9,9,0,9
30/10/2025,05:56:00,60.15,60.16,60.15,60.16,10,10,4,6
30/10/2025,05:57:00,60.15,60.15,60.13,60.14,10,10,3,7
30/10/2025,05:58:00,60.14,60.19,60.14,60.18,42,41,14,28
30/10/2025,05:59:00,60.19,60.19,60.18,60.18,4,4,0,4
30/10/2025,06:00:00,60.17,60.17,60.1,60.1,55,53,32,23
30/10/2025,06:01:00,60.1,60.11,60.08,60.09,35,32,14,20
30/10/2025,06:02:00,60.09,60.13,60.09,60.13,28,24,6,22
30/10/2025,06:03:00,60.12,60.12,60.1,60.1,56,34,46,9
30/10/2025,06:04:00,60.1,60.1,60.08,60.1,42,39,23,19
30/10/2025,06:05:00,60.1,60.13,60.1,60.12,16,15,13,3
30/10/2025,06:06:00,60.12,60.12,60.12,60.12,5,4,1,4
30/10/2025,06:07:00,60.11,60.11,60.06,60.09,75,59,52,23
30/10/2025,06:08:00,60.1,60.12,60.1,60.11,18,12,4,14
30/10/2025,06:09:00,60.11,60.13,60.09,60.12,21,19,6,15
30/10/2025,06:10:00,60.13,60.15,60.13,60.15,17,17,4,13
30/10/2025,06:11:00,60.14,60.15,60.11,60.11,20,19,15,5
30/10/2025,06:12:00,60.11,60.11,60.09,60.11,9,8,7,2
30/10/2025,06:13:00,60.11,60.14,60.11,60.13,18,18,8,10
30/10/2025,06:14:00,60.13,60.13,60.11,60.12,15,15,10,5
30/10/2025,06:15:00,60.12,60.12,60.05,60.05,139,131,78,60
30/10/2025,06:16:00,60.06,60.06,60.04,60.06,39,34,26,13
30/10/2025,06:17:00,60.06,60.09,60.06,60.08,22,21,8,14
30/10/2025,06:18:00,60.09,60.12,60.08,60.11,17,16,12,5
30/10/2025,06:19:00,60.12,60.12,60.08,60.08,74,68,51,23
30/10/2025,06:20:00,60.1,60.1,60.05,60.07,53,39,22,31
30/10/2025,06:21:00,60.06,60.07,60.05,60.07,28,22,11,17
30/10/2025,06:22:00,60.07,60.11,60.07,60.11,35,26,8,27
30/10/2025,06:23:00,60.12,60.13,60.12,60.12,19,19,1,18
30/10/2025,06:24:00,60.11,60.11,60.09,60.1,13,13,10,3
30/10/2025,06:25:00,60.1,60.1,60.08,60.09,15,12,7,8
30/10/2025,06:26:00,60.09,60.09,60.07,60.07,11,10,6,5
30/10/2025,06:27:00,60.06,60.06,60.04,60.06,30,27,19,11
30/10/2025,06:28:00,60.05,60.05,60.05,60.05,13,13,9,4
30/10/2025,06:29:00,60.05,60.06,60.05,60.06,7,7,6,1
30/10/2025,06:30:00,60.06,60.1,60.06,60.09,38,37,14,24
30/10/2025,06:31:00,60.12,60.13,60.11,60.11,20,18,14,6
30/10/2025,06:32:00,60.11,60.12,60.11,60.12,41,21,2,39
30/10/2025,06:33:00,60.11,60.11,60.1,60.1,8,7,4,4
30/10/2025,06:34:00,60.1,60.12,60.09,60.12,27,26,12,15
30/10/2025,06:35:00,60.12,60.13,60.11,60.11,16,13,13,3
30/10/2025,06:36:00,60.1,60.16,60.09,60.15,54,41,15,36
30/10/2025,06:37:00,60.15,60.18,60.15,60.16,64,56,34,30
30/10/2025,06:38:00,60.16,60.2,60.16,60.18,151,38,17,134
30/10/2025,06:39:00,60.18,60.19,60.18,60.19,9,9,7,2
30/10/2025,06:40:00,60.18,60.26,60.18,60.23,166,143,60,104
30/10/2025,06:41:00,60.24,60.3,60.23,60.25,282,163,69,208
30/10/2025,06:42:00,60.25,60.29,60.25,60.26,75,72,51,24
30/10/2025,06:43:00,60.26,60.28,60.25,60.27,58,55,33,25
30/10/2025,06:44:00,60.28,60.29,60.25,60.27,77,66,42,35
30/10/2025,06:45:00,60.26,60.26,60.17,60.18,244,125,191,52
30/10/2025,06:46:00,60.19,60.19,60.16,60.16,50,37,20,30
30/10/2025,06:47:00,60.18,60.18,60.16,60.16,28,26,21,7
30/10/2025,06:48:00,60.15,60.15,60.13,60.14,50,48,35,15
30/10/2025,06:49:00,60.14,60.16,60.11,60.14,60,58,32,27
30/10/2025,06:50:00,60.15,60.18,60.15,60.16,12,12,4,8
30/10/2025,06:51:00,60.17,60.19,60.11,60.11,57,54,32,21
30/10/2025,06:52:00,60.12,60.13,60.11,60.11,31,30,12,19
30/10/2025,06:53:00,60.11,60.11,60.09,60.1,30,30,20,10
30/10/2025,06:54:00,60.1,60.1,60.08,60.09,25,25,17,8
30/10/2025,06:55:00,60.1,60.13,60.1,60.11,27,27,14,13
30/10/2025,06:56:00,60.11,60.11,60.04,60.07,211,95,174,34
30/10/2025,06:57:00,60.07,60.08,60.07,60.08,14,14,7,7
30/10/2025,06:58:00,60.07,60.08,60.06,60.08,31,30,12,19
30/10/2025,06:59:00,60.08,60.11,60.08,60.1,33,32,7,26
30/10/2025,07:00:00,60.09,60.1,60.07,60.08,100,95,50,50
30/10/2025,07:01:00,60.07,60.08,60.04,60.07,101,89,55,46
30/10/2025,07:02:00,60.08,60.09,60.05,60.06,46,29,34,12
30/10/2025,07:03:00,60.06,60.06,60.04,60.05,22,22,9,13
30/10/2025,07:04:00,60.04,60.06,60.02,60.06,115,103,68,46
30/10/2025,07:05:00,60.06,60.1,60.06,60.07,41,37,17,24
30/10/2025,07:06:00,60.07,60.08,60.06,60.06,42,37,19,23
30/10/2025,07:07:00,60.06,60.09,60.06,60.07,34,33,20,13
30/10/2025,07:08:00,60.08,60.1,60.07,60.08,237,106,61,176
30/10/2025,07:09:00,60.07,60.08,60.05,60.06,79,65,43,36
30/10/2025,07:10:00,60.06,60.07,60.06,60.07,35,32,13,22
30/10/2025,07:11:00,60.07,60.09,60.06,60.07,60,54,41,19
30/10/2025,07:12:00,60.08,60.14,60.08,60.13,109,85,21,88
30/10/2025,07:13:00,60.13,60.19,60.13,60.19,98,79,28,70
30/10/2025,07:14:00,60.19,60.2,60.16,60.2,62,51,33,29
30/10/2025,07:15:00,60.19,60.22,60.18,60.19,84,75,48,36
30/10/2025,07:16:00,60.19,60.23,60.19,60.2,95,88,49,45
30/10/2025,07:17:00,60.21,60.21,60.18,60.19,50,50,31,18
30/10/2025,07:18:00,60.19,60.19,60.14,60.14,73,57,59,14
30/10/2025,07:19:00,60.15,60.16,60.13,60.14,46,46,19,26
30/10/2025,07:20:00,60.14,60.15,60.13,60.13,55,46,21,34
30/10/2025,07:21:00,60.13,60.16,60.13,60.13,29,29,16,13
30/10/2025,07:22:00,60.14,60.15,60.13,60.15,49,46,21,28
30/10/2025,07:23:00,60.16,60.17,60.09,60.09,57,56,46,11
30/10/2025,07:24:00,60.09,60.1,60.05,60.07,85,76,53,32
30/10/2025,07:25:00,60.07,60.08,60.05,60.08,31,28,16,15
30/10/2025,07:26:00,60.08,60.09,60.07,60.07,24,22,15,9
30/10/2025,07:27:00,60.08,60.1,60.05,60.05,75,71,39,36
30/10/2025,07:28:00,60.04,60.04,59.99,60.02,235,180,156,78
30/10/2025,07:29:00,60.03,60.04,60.01,60.01,55,52,34,21
30/10/2025,07:30:00,60.01,60.03,60,60.01,57,53,17,40
30/10/2025,07:31:00,60.01,60.02,59.97,60.02,169,134,100,62
30/10/2025,07:32:00,60.02,60.03,60,60.01,51,48,23,28
30/10/2025,07:33:00,60.01,60.02,60.01,60.02,38,34,16,22
30/10/2025,07:34:00,60.03,60.03,59.99,59.99,45,43,28,17
30/10/2025,07:35:00,59.99,60.02,59.99,60.01,62,52,33,29
30/10/2025,07:36:00,60,60.03,60,60.02,34,33,11,23
30/10/2025,07:37:00,60.01,60.02,59.98,59.99,53,52,33,20
30/10/2025,07:38:00,59.99,60.01,59.99,59.99,31,31,10,21
30/10/2025,07:39:00,60,60.01,59.93,59.95,174,152,110,64
30/10/2025,07:40:00,59.95,59.97,59.91,59.96,132,107,51,81
30/10/2025,07:41:00,59.96,59.98,59.95,59.97,45,45,23,22
30/10/2025,07:42:00,59.98,59.98,59.96,59.97,45,39,23,22
30/10/2025,07:43:00,59.96,59.96,59.93,59.93,92,65,60,32
30/10/2025,07:44:00,59.94,59.98,59.94,59.98,63,59,20,43
30/10/2025,07:45:00,59.98,59.98,59.94,59.94,53,51,30,23
30/10/2025,07:46:00,59.94,59.96,59.93,59.93,54,53,20,34
30/10/2025,07:47:00,59.93,59.94,59.93,59.94,29,25,17,12
30/10/2025,07:48:00,59.94,59.94,59.89,59.89,117,101,76,41
30/10/2025,07:49:00,59.88,59.91,59.88,59.91,105,96,56,49
30/10/2025,07:50:00,59.92,59.92,59.88,59.9,105,98,52,53
30/10/2025,07:51:00,59.89,59.91,59.85,59.86,301,175,146,155
30/10/2025,07:52:00,59.86,59.87,59.84,59.86,198,149,138,60
30/10/2025,07:53:00,59.87,59.9,59.87,59.9,40,36,14,26
30/10/2025,07:54:00,59.9,59.91,59.89,59.89,29,27,14,15
30/10/2025,07:55:00,59.89,59.9,59.89,59.89,76,64,40,35
30/10/2025,07:56:00,59.89,59.91,59.89,59.91,115,83,33,82
30/10/2025,07:57:00,59.9,59.91,59.89,59.9,80,55,31,49
30/10/2025,07:58:00,59.89,59.9,59.89,59.89,28,28,8,20
30/10/2025,07:59:00,59.89,59.91,59.89,59.9,50,45,25,25
30/10/2025,08:00:00,59.91,59.98,59.9,59.94,353,322,154,198
30/10/2025,08:01:00,59.93,59.94,59.9,59.94,127,103,65,62
30/10/2025,08:02:00,59.93,59.93,59.89,59.93,104,98,56,48
30/10/2025,08:03:00,59.93,59.97,59.9,59.94,129,120,58,69
30/10/2025,08:04:00,59.94,59.95,59.92,59.93,76,75,47,29
30/10/2025,08:05:00,59.94,59.94,59.92,59.92,50,47,19,31
30/10/2025,08:06:00,59.92,59.94,59.91,59.92,124,117,57,67
30/10/2025,08:07:00,59.92,59.94,59.91,59.93,86,79,40,46
30/10/2025,08:08:00,59.93,59.96,59.92,59.95,100,94,48,52
30/10/2025,08:09:00,59.95,59.97,59.94,59.97,60,53,28,32
30/10/2025,08:10:00,59.98,60.03,59.98,60.02,181,160,60,121
30/10/2025,08:11:00,60.02,60.04,60,60.02,133,114,69,64
30/10/2025,08:12:00,60.02,60.02,59.99,60.01,61,49,32,29
30/10/2025,08:13:00,60,60,59.99,60,45,42,25,20
30/10/2025,08:14:00,60,60.02,60,60,65,65,34,31
30/10/2025,08:15:00,60,60.05,59.99,60.04,228,182,67,161
30/10/2025,08:16:00,60.04,60.07,60.04,60.06,108,96,54,54
30/10/2025,08:17:00,60.06,60.07,60.04,60.04,67,62,41,26
30/10/2025,08:18:00,60.04,60.06,60.03,60.06,60,55,21,39
30/10/2025,08:19:00,60.07,60.07,60.03,60.04,68,65,41,27
30/10/2025,08:20:00,60.04,60.04,59.99,60.02,93,77,72,21
30/10/2025,08:21:00,60.02,60.03,60,60.02,82,70,43,39
30/10/2025,08:22:00,60.02,60.05,60.02,60.04,52,48,15,37
30/10/2025,08:23:00,60.04,60.05,60.02,60.02,50,46,35,15
30/10/2025,08:24:00,60.02,60.02,59.99,60.01,64,54,47,17
30/10/2025,08:25:00,60.01,60.04,60.01,60.01,76,58,41,35
30/10/2025,08:26:00,60,60,59.95,59.97,105,95,70,35
30/10/2025,08:27:00,59.98,60.01,59.96,60,165,142,87,73
30/10/2025,08:28:00,60,60,59.91,59.92,253,231,168,85
30/10/2025,08:29:00,59.93,59.97,59.92,59.95,337,310,163,174
30/10/2025,08:30:00,59.95,60.05,59.95,60,385,336,167,190
30/10/2025,08:31:00,60,60.04,59.98,59.98,170,144,98,72
30/10/2025,08:32:00,59.98,60.01,59.98,60.01,61,57,31,30
30/10/2025,08:33:00,60.01,60.01,59.94,59.95,127,118,58,68
30/10/2025,08:34:00,59.95,60.02,59.95,60.02,81,69,31,50
30/10/2025,08:35:00,60.02,60.05,60.01,60.05,80,74,45,35
30/10/2025,08:36:00,60.05,60.09,60.04,60.08,110,104,37,73
30/10/2025,08:37:00,60.08,60.13,60.08,60.12,120,103,38,82
30/10/2025,08:38:00,60.12,60.14,60.12,60.13,59,49,31,28
30/10/2025,08:39:00,60.14,60.16,60.12,60.16,76,69,14,62
30/10/2025,08:40:00,60.17,60.17,60.12,60.13,124,97,82,42
30/10/2025,08:41:00,60.13,60.13,60.07,60.11,115,101,56,54
30/10/2025,08:42:00,60.1,60.12,60.08,60.11,76,69,36,40
30/10/2025,08:43:00,60.11,60.15,60.11,60.13,164,149,84,80
30/10/2025,08:44:00,60.13,60.15,60.11,60.13,93,88,48,45
30/10/2025,08:45:00,60.14,60.14,60.07,60.08,45,38,30,15
30/10/2025,08:46:00,60.07,60.08,60.06,60.08,46,43,18,28
30/10/2025,08:47:00,60.07,60.09,60.06,60.09,70,52,41,29
30/10/2025,08:48:00,60.1,60.11,60.09,60.11,54,51,37,17
30/10/2025,08:49:00,60.1,60.15,60.1,60.15,106,95,43,63
30/10/2025,08:50:00,60.15,60.17,60.15,60.17,65,55,23,42
30/10/2025,08:51:00,60.16,60.19,60.15,60.19,71,67,22,49
30/10/2025,08:52:00,60.18,60.23,60.17,60.21,191,173,84,107
30/10/2025,08:53:00,60.21,60.22,60.17,60.17,146,105,55,87
30/10/2025,08:54:00,60.16,60.17,60.14,60.16,62,55,29,33
30/10/2025,08:55:00,60.16,60.17,60.15,60.17,53,49,23,30
30/10/2025,08:56:00,60.18,60.18,60.13,60.13,73,66,40,33
30/10/2025,08:57:00,60.12,60.12,60.08,60.08,123,95,98,25
30/10/2025,08:58:00,60.1,60.11,60.08,60.09,60,47,43,17
30/10/2025,08:59:00,60.09,60.13,60.09,60.13,25,23,7,18
30/10/2025,09:00:00,60.13,60.14,60.08,60.12,97,86,50,47
30/10/2025,09:01:00,60.11,60.13,60.1,60.13,57,48,31,26
30/10/2025,09:02:00,60.12,60.14,60.06,60.08,92,73,55,37
30/10/2025,09:03:00,60.08,60.08,60.03,60.05,104,88,63,41
30/10/2025,09:04:00,60.04,60.04,60,60.01,207,190,117,77
30/10/2025,09:05:00,60,60.05,60,60,135,108,76,45
30/10/2025,09:06:00,60,60,59.96,59.98,159,125,98,61
30/10/2025,09:07:00,59.98,60.02,59.98,60.02,50,46,18,32
30/10/2025,09:08:00,60.01,60.01,59.99,60,36,32,20,16
30/10/2025,09:09:00,60,60.05,59.99,60.05,102,69,29,73
30/10/2025,09:10:00,60.05,60.08,60.05,60.07,85,73,42,43
30/10/2025,09:11:00,60.08,60.09,60.06,60.06,86,71,41,45
30/10/2025,09:12:00,60.07,60.09,60.03,60.04,62,51,38,24
30/10/2025,09:13:00,60.04,60.07,60.04,60.06,61,53,33,28
30/10/2025,09:14:00,60.06,60.06,60.02,60.04,48,45,28,20
30/10/2025,09:15:00,60.04,60.11,60.04,60.1,120,95,28,92
30/10/2025,09:16:00,60.1,60.12,60.06,60.06,83,76,49,31
30/10/2025,09:17:00,60.06,60.07,60.05,60.05,19,18,12,7
30/10/2025,09:18:00,60.05,60.09,60.03,60.08,71,68,24,47
30/10/2025,09:19:00,60.08,60.08,60.07,60.08,19,19,10,9
30/10/2025,09:20:00,60.08,60.08,60.04,60.04,56,50,43,13
30/10/2025,09:21:00,60.04,60.06,60.03,60.04,23,21,8,15
30/10/2025,09:22:00,60.04,60.06,60.04,60.05,55,54,19,36
30/10/2025,09:23:00,60.05,60.07,60.04,60.05,53,50,24,29
30/10/2025,09:24:00,60.05,60.06,60.04,60.06,58,40,23,35
30/10/2025,09:25:00,60.06,60.13,60.06,60.11,118,109,62,54
30/10/2025,09:26:00,60.12,60.13,60.12,60.13,34,29,23,11
30/10/2025,09:27:00,60.14,60.18,60.14,60.17,117,109,30,84
30/10/2025,09:28:00,60.17,60.19,60.15,60.17,160,138,102,51
30/10/2025,09:29:00,60.17,60.23,60.17,60.21,246,212,106,140
30/10/2025,09:30:00,60.21,60.25,60.21,60.22,170,126,57,113
30/10/2025,09:31:00,60.22,60.22,60.2,60.21,80,70,44,36
30/10/2025,09:32:00,60.2,60.21,60.2,60.2,42,40,5,37
30/10/2025,09:33:00,60.2,60.2,60.14,60.14,115,98,72,40
30/10/2025,09:34:00,60.14,60.14,60.06,60.08,146,132,96,49
30/10/2025,09:35:00,60.08,60.08,60.06,60.07,83,69,45,38
30/10/2025,09:36:00,60.07,60.08,60.06,60.06,59,51,28,31
30/10/2025,09:37:00,60.06,60.09,60.06,60.07,72,71,40,30
30/10/2025,09:38:00,60.08,60.11,60.08,60.11,61,54,30,31
30/10/2025,09:39:00,60.11,60.11,60.1,60.11,60,54,27,29
30/10/2025,09:40:00,60.09,60.11,60.09,60.1,30,27,10,20
30/10/2025,09:41:00,60.11,60.11,60.09,60.11,68,59,46,22
30/10/2025,09:42:00,60.12,60.16,60.1,60.1,91,79,45,46
30/10/2025,09:43:00,60.09,60.12,60.08,60.12,68,68,36,32
30/10/2025,09:44:00,60.12,60.12,60.1,60.12,44,43,13,31
30/10/2025,09:45:00,60.12,60.14,60.11,60.12,87,77,37,50
30/10/2025,09:46:00,60.11,60.13,60.11,60.13,54,49,29,25
30/10/2025,09:47:00,60.12,60.13,60.07,60.09,84,69,48,36
30/10/2025,09:48:00,60.09,60.1,60.07,60.09,110,93,56,54
30/10/2025,09:49:00,60.08,60.09,60.04,60.06,126,102,75,46
30/10/2025,09:50:00,60.07,60.12,60.05,60.11,97,91,42,53
30/10/2025,09:51:00,60.12,60.14,60.09,60.12,150,141,75,74
30/10/2025,09:52:00,60.12,60.13,60.07,60.12,140,110,86,54
30/10/2025,09:53:00,60.12,60.13,60.11,60.11,61,57,35,26
30/10/2025,09:54:00,60.1,60.12,60.07,60.09,119,113,59,60
30/10/2025,09:55:00,60.08,60.11,60.08,60.11,36,30,18,18
30/10/2025,09:56:00,60.11,60.11,60.08,60.09,90,76,44,46
30/10/2025,09:57:00,60.09,60.09,60.07,60.08,39,28,28,11
30/10/2025,09:58:00,60.08,60.08,60.04,60.05,118,106,77,41
30/10/2025,09:59:00,60.05,60.08,60.05,60.08,67,57,28,39
30/10/2025,10:00:00,60.08,60.23,60.07,60.2,295,231,95,200
30/10/2025,10:01:00,60.21,60.27,60.17,60.26,215,189,89,119
30/10/2025,10:02:00,60.26,60.29,60.26,60.27,247,214,138,99
30/10/2025,10:03:00,60.27,60.27,60.24,60.25,129,104,60,69
30/10/2025,10:04:00,60.26,60.26,60.21,60.22,165,115,83,82
30/10/2025,10:05:00,60.22,60.22,60.12,60.13,188,171,104,83
30/10/2025,10:06:00,60.13,60.14,60.09,60.1,77,72,33,44
30/10/2025,10:07:00,60.1,60.1,60.06,60.08,166,103,101,65
30/10/2025,10:08:00,60.07,60.1,60.06,60.09,94,77,55,39
30/10/2025,10:09:00,60.1,60.11,60.08,60.09,95,85,62,33
30/10/2025,10:10:00,60.09,60.1,60.05,60.09,100,84,51,49
30/10/2025,10:11:00,60.09,60.16,60.09,60.16,131,107,33,98
30/10/2025,10:12:00,60.15,60.19,60.14,60.19,93,86,26,67
30/10/2025,10:13:00,60.19,60.19,60.17,60.19,38,36,23,15
30/10/2025,10:14:00,60.19,60.23,60.19,60.21,84,79,39,45
30/10/2025,10:15:00,60.21,60.22,60.18,60.18,53,43,32,21
30/10/2025,10:16:00,60.18,60.18,60.14,60.15,63,62,26,37
30/10/2025,10:17:00,60.15,60.15,60.13,60.13,55,50,35,20
30/10/2025,10:18:00,60.13,60.15,60.13,60.14,47,47,20,27
30/10/2025,10:19:00,60.14,60.17,60.14,60.16,36,27,15,20
30/10/2025,10:20:00,60.15,60.17,60.15,60.17,19,19,6,13
30/10/2025,10:21:00,60.17,60.17,60.14,60.16,41,37,26,15
30/10/2025,10:22:00,60.15,60.15,60.09,60.09,89,75,56,33
30/10/2025,10:23:00,60.1,60.11,60.08,60.09,42,41,20,22
30/10/2025,10:24:00,60.09,60.09,60.07,60.08,56,50,37,19
30/10/2025,10:25:00,60.09,60.1,60.09,60.1,46,42,15,31
30/10/2025,10:26:00,60.11,60.16,60.09,60.15,121,100,62,59
30/10/2025,10:27:00,60.14,60.16,60.13,60.13,32,30,18,14
30/10/2025,10:28:00,60.13,60.14,60.13,60.14,46,41,15,31
30/10/2025,10:29:00,60.15,60.15,60.14,60.14,17,14,12,5
30/10/2025,10:30:00,60.15,60.18,60.15,60.17,67,61,15,52
30/10/2025,10:31:00,60.18,60.19,60.12,60.12,69,54,54,15
30/10/2025,10:32:00,60.13,60.15,60.13,60.13,26,24,11,14
30/10/2025,10:33:00,60.14,60.14,60.09,60.1,128,98,85,43
30/10/2025,10:34:00,60.1,60.15,60.1,60.15,78,65,26,52
30/10/2025,10:35:00,60.14,60.14,60.12,60.13,27,27,19,8
30/10/2025,10:36:00,60.13,60.16,60.13,60.16,17,11,1,16
30/10/2025,10:37:00,60.16,60.18,60.16,60.18,28,23,5,23
30/10/2025,10:38:00,60.19,60.22,60.19,60.2,129,100,55,74
30/10/2025,10:39:00,60.2,60.2,60.16,60.19,116,108,62,54
30/10/2025,10:40:00,60.18,60.19,60.16,60.19,54,46,29,25
30/10/2025,10:41:00,60.19,60.2,60.18,60.2,26,25,10,16
30/10/2025,10:42:00,60.2,60.2,60.19,60.19,13,12,9,4
30/10/2025,10:43:00,60.19,60.2,60.18,60.19,68,57,31,37
30/10/2025,10:44:00,60.18,60.19,60.18,60.18,31,29,17,12
30/10/2025,10:45:00,60.18,60.19,60.18,60.18,33,32,14,19
30/10/2025,10:46:00,60.17,60.18,60.14,60.16,97,67,28,69
30/10/2025,10:47:00,60.15,60.15,60.13,60.13,67,60,29,38
30/10/2025,10:48:00,60.13,60.13,60.07,60.09,130,114,96,34
30/10/2025,10:49:00,60.08,60.09,60.05,60.07,108,100,45,51
30/10/2025,10:50:00,60.08,60.09,60.02,60.03,122,106,67,55
30/10/2025,10:51:00,60.02,60.04,59.98,60.01,209,195,131,78
30/10/2025,10:52:00,60,60.05,60,60.05,100,82,27,73
30/10/2025,10:53:00,60.05,60.07,60.04,60.07,147,133,83,64
30/10/2025,10:54:00,60.07,60.07,60.03,60.06,80,72,40,39
30/10/2025,10:55:00,60.06,60.09,60.05,60.09,57,54,21,36
30/10/2025,10:56:00,60.08,60.09,60.06,60.07,28,23,18,10
30/10/2025,10:57:00,60.08,60.08,60.07,60.07,31,27,19,12
30/10/2025,10:58:00,60.08,60.1,60.08,60.09,32,27,10,22
30/10/2025,10:59:00,60.09,60.1,60.09,60.09,37,31,13,24
30/10/2025,11:00:00,60.09,60.1,60.08,60.08,76,72,32,44
30/10/2025,11:01:00,60.09,60.15,60.08,60.12,117,110,35,82
30/10/2025,11:02:00,60.13,60.14,60.12,60.13,48,40,28,20
30/10/2025,11:03:00,60.13,60.14,60.11,60.14,38,35,19,19
30/10/2025,11:04:00,60.13,60.15,60.1,60.1,30,27,11,19
30/10/2025,11:05:00,60.1,60.1,60.1,60.1,31,26,22,9
30/10/2025,11:06:00,60.09,60.09,60.04,60.05,63,57,47,16
30/10/2025,11:07:00,60.05,60.05,60.02,60.04,71,65,50,21
30/10/2025,11:08:00,60.04,60.07,60.04,60.06,45,40,13,32
30/10/2025,11:09:00,60.06,60.06,60.05,60.05,30,27,11,6
30/10/2025,11:10:00,60.06,60.06,60.06,60.06,10,10,3,7
30/10/2025,11:11:00,60.07,60.08,60.07,60.07,69,46,32,37
30/10/2025,11:12:00,60.07,60.07,60.01,60.02,95,82,42,44
30/10/2025,11:13:00,60.01,60.02,60,60,74,49,44,30
30/10/2025,11:14:00,60,60.01,59.99,60.01,51,40,24,27
30/10/2025,11:15:00,60,60.01,59.98,60.01,83,72,44,39
30/10/2025,11:16:00,60.01,60.04,60.01,60.04,58,53,30,28
30/10/2025,11:17:00,60.03,60.09,60.02,60.09,104,99,44,60
30/10/2025,11:18:00,60.09,60.1,60.06,60.07,53,48,33,20
30/10/2025,11:19:00,60.07,60.07,60.05,60.05,54,50,44,10
30/10/2025,11:20:00,60.05,60.05,60.05,60.05,44,34,34,6
30/10/2025,11:21:00,60.05,60.08,60.05,60.08,22,15,4,18
30/10/2025,11:22:00,60.07,60.07,60.06,60.06,12,11,8,4
30/10/2025,11:23:00,60.06,60.06,60.04,60.04,37,31,23,14
30/10/2025,11:24:00,60.04,60.07,60.03,60.07,80,60,40,40
30/10/2025,11:25:00,60.08,60.08,60.04,60.05,57,55,33,24
30/10/2025,11:26:00,60.05,60.05,60.03,60.03,50,42,27,23
30/10/2025,11:27:00,60.02,60.04,60.01,60.03,105,86,48,57
30/10/2025,11:28:00,60.02,60.08,60.02,60.07,57,50,25,32
30/10/2025,11:29:00,60.07,60.08,60.06,60.07,58,52,23,35
30/10/2025,11:30:00,60.06,60.08,60.01,60.01,38,29,21,17
30/10/2025,11:31:00,60.01,60.06,60.01,60.05,97,82,24,73
30/10/2025,11:32:00,60.05,60.06,60.04,60.06,42,34,25,17
30/10/2025,11:33:00,60.07,60.09,60.07,60.08,51,35,12,39
30/10/2025,11:34:00,60.08,60.11,60.07,60.11,125,72,80,45
30/10/2025,11:35:00,60.11,60.12,60.09,60.1,47,46,21,26
30/10/2025,11:36:00,60.1,60.1,60.09,60.1,37,35,19,18
30/10/2025,11:37:00,60.1,60.14,60.09,60.13,149,146,55,94
30/10/2025,11:38:00,60.13,60.16,60.13,60.13,75,67,32,43
30/10/2025,11:39:00,60.13,60.18,60.11,60.17,305,198,107,198
30/10/2025,11:40:00,60.17,60.17,60.15,60.17,29,25,17,12
30/10/2025,11:41:00,60.17,60.18,60.15,60.16,76,75,26,50
30/10/2025,11:42:00,60.16,60.19,60.15,60.15,64,53,26,38
30/10/2025,11:43:00,60.14,60.14,60.12,60.12,27,26,15,12
30/10/2025,11:44:00,60.12,60.13,60.12,60.13,32,26,7,25
30/10/2025,11:45:00,60.14,60.17,60.14,60.16,27,26,6,21
30/10/2025,11:46:00,60.17,60.17,60.15,60.16,53,50,24,29
30/10/2025,11:47:00,60.15,60.15,60.08,60.09,121,105,70,51
30/10/2025,11:48:00,60.09,60.13,60.09,60.13,48,44,16,32
30/10/2025,11:49:00,60.12,60.14,60.12,60.14,48,42,20,28
30/10/2025,11:50:00,60.14,60.14,60.1,60.12,100,92,61,39
30/10/2025,11:51:00,60.12,60.13,60.12,60.13,33,32,14,19
30/10/2025,11:52:00,60.14,60.21,60.14,60.18,129,108,47,82
30/10/2025,11:53:00,60.17,60.19,60.16,60.18,85,73,51,34
30/10/2025,11:54:00,60.17,60.17,60.17,60.17,20,19,11,9
30/10/2025,11:55:00,60.17,60.18,60.16,60.17,40,34,24,16
30/10/2025,11:56:00,60.17,60.19,60.17,60.19,37,37,6,31
30/10/2025,11:57:00,60.2,60.22,60.2,60.21,103,88,25,78
30/10/2025,11:58:00,60.2,60.2,60.16,60.16,77,68,60,17
30/10/2025,11:59:00,60.16,60.16,60.12,60.12,80,71,52,28
30/10/2025,12:00:00,60.13,60.13,60.05,60.07,314,281,197,117
30/10/2025,12:01:00,60.07,60.1,60.06,60.08,147,104,49,98
30/10/2025,12:02:00,60.08,60.08,60.05,60.06,120,96,89,31
30/10/2025,12:03:00,60.06,60.08,60.06,60.07,57,53,15,42
30/10/2025,12:04:00,60.07,60.09,60.05,60.06,131,99,81,50
30/10/2025,12:05:00,60.05,60.12,60.04,60.11,190,171,94,96
30/10/2025,12:06:00,60.1,60.14,60.08,60.1,183,170,85,98
30/10/2025,12:07:00,60.1,60.16,60.1,60.15,207,183,85,122
30/10/2025,12:08:00,60.14,60.18,60.14,60.16,169,145,74,95
30/10/2025,12:09:00,60.16,60.18,60.15,60.17,92,82,57,35
30/10/2025,12:10:00,60.17,60.18,60.08,60.1,251,231,131,120
30/10/2025,12:11:00,60.11,60.12,60.09,60.12,75,61,36,39
30/10/2025,12:12:00,60.13,60.15,60.09,60.11,147,137,52,95
30/10/2025,12:13:00,60.11,60.12,60.09,60.11,112,91,58,54
30/10/2025,12:14:00,60.11,60.11,60.09,60.09,41,38,22,19
30/10/2025,12:15:00,60.09,60.1,60.06,60.07,200,156,88,112
30/10/2025,12:16:00,60.07,60.07,60.01,60.03,183,166,114,69
30/10/2025,12:17:00,60.03,60.03,59.97,59.98,259,236,163,96
30/10/2025,12:18:00,59.98,59.98,59.91,59.92,437,345,224,213
30/10/2025,12:19:00,59.91,59.94,59.87,59.92,441,329,294,147
30/10/2025,12:20:00,59.91,59.94,59.88,59.9,277,238,165,112
30/10/2025,12:21:00,59.9,59.98,59.9,59.98,132,118,38,94
30/10/2025,12:22:00,59.98,60.03,59.98,60.02,144,118,32,112
30/10/2025,12:23:00,60.02,60.02,59.98,60.01,122,114,61,61
30/10/2025,12:24:00,60.02,60.07,60.02,60.06,143,120,71,72
30/10/2025,12:25:00,60.06,60.1,60.06,60.08,122,115,45,77
30/10/2025,12:26:00,60.08,60.09,60.06,60.07,66,65,49,17
30/10/2025,12:27:00,60.07,60.08,60.05,60.08,50,45,25,25
30/10/2025,12:28:00,60.09,60.09,60.04,60.05,117,107,81,36
30/10/2025,12:29:00,60.05,60.05,60.02,60.05,80,71,40,40
30/10/2025,12:30:00,60.03,60.07,60.03,60.07,138,111,51,87
30/10/2025,12:31:00,60.06,60.08,60.06,60.08,71,63,33,38
30/10/2025,12:32:00,60.07,60.07,60.01,60.04,127,115,91,36
30/10/2025,12:33:00,60.04,60.07,60.02,60.06,194,141,101,93
30/10/2025,12:34:00,60.05,60.05,60.03,60.04,29,26,23,6
30/10/2025,12:35:00,60.04,60.09,60.04,60.06,63,63,34,29
30/10/2025,12:36:00,60.06,60.07,60.06,60.06,56,45,21,35
30/10/2025,12:37:00,60.05,60.09,60.05,60.07,83,77,46,37
30/10/2025,12:38:00,60.07,60.08,60.06,60.07,44,43,21,23
30/10/2025,12:39:00,60.07,60.07,60.01,60.02,138,112,99,39
30/10/2025,12:40:00,60.01,60.02,59.98,59.98,147,124,100,47
30/10/2025,12:41:00,59.98,59.98,59.9,59.92,398,326,253,145
30/10/2025,12:42:00,59.92,59.94,59.89,59.91,292,209,175,117
30/10/2025,12:43:00,59.91,59.93,59.88,59.9,186,149,106,80
30/10/2025,12:44:00,59.9,59.94,59.82,59.84,423,361,282,141
30/10/2025,12:45:00,59.84,59.87,59.82,59.86,257,229,107,150
30/10/2025,12:46:00,59.87,59.9,59.86,59.88,130,113,75,55
30/10/2025,12:47:00,59.87,59.89,59.87,59.88,39,38,30,9
30/10/2025,12:48:00,59.89,59.89,59.87,59.89,85,70,53,32
30/10/2025,12:49:00,59.89,59.9,59.88,59.89,73,45,24,49
30/10/2025,12:50:00,59.9,59.95,59.9,59.9,240,205,82,158
30/10/2025,12:51:00,59.9,59.98,59.9,59.96,222,197,83,139
30/10/2025,12:52:00,59.96,59.97,59.94,59.96,95,81,54,41
30/10/2025,12:53:00,59.96,59.98,59.96,59.98,71,67,34,37
30/10/2025,12:54:00,59.99,59.99,59.94,59.94,94,90,49,45
30/10/2025,12:55:00,59.94,59.98,59.94,59.97,104,96,35,69
30/10/2025,12:56:00,59.97,60,59.97,60,201,146,95,106
30/10/2025,12:57:00,60.01,60.01,59.96,59.97,77,69,32,45
30/10/2025,12:58:00,59.97,59.98,59.96,59.98,72,62,38,34
30/10/2025,12:59:00,59.98,59.98,59.95,59.96,131,112,56,75
30/10/2025,13:00:00,59.96,59.97,59.79,59.81,1096,921,529,567
30/10/2025,13:01:00,59.81,59.83,59.64,59.66,1287,977,842,445
30/10/2025,13:02:00,59.66,59.74,59.66,59.73,510,435,248,262
30/10/2025,13:03:00,59.73,59.77,59.72,59.72,493,393,235,258
30/10/2025,13:04:00,59.73,59.77,59.73,59.76,302,267,112,190
30/10/2025,13:05:00,59.76,59.8,59.76,59.77,261,236,120,141
30/10/2025,13:06:00,59.77,59.77,59.74,59.77,220,185,126,94
30/10/2025,13:07:00,59.78,59.81,59.78,59.79,167,161,78,89
30/10/2025,13:08:00,59.79,59.79,59.73,59.78,259,229,131,128
30/10/2025,13:09:00,59.79,59.81,59.78,59.79,142,114,65,77
30/10/2025,13:10:00,59.8,59.87,59.78,59.85,466,359,172,294
30/10/2025,13:11:00,59.86,59.89,59.85,59.85,175,148,81,94
30/10/2025,13:12:00,59.85,59.93,59.85,59.91,348,274,106,242
30/10/2025,13:13:00,59.91,59.93,59.89,59.89,227,175,163,64
30/10/2025,13:14:00,59.9,59.9,59.84,59.87,160,142,91,69
30/10/2025,13:15:00,59.86,59.86,59.83,59.84,170,128,111,59
30/10/2025,13:16:00,59.84,59.85,59.74,59.75,355,265,253,102
30/10/2025,13:17:00,59.76,59.78,59.75,59.77,238,217,92,146
30/10/2025,13:18:00,59.77,59.78,59.74,59.76,205,182,93,112
30/10/2025,13:19:00,59.75,59.76,59.75,59.76,2,2,1,1
